Elements,BalabanJ_rdkit,Chi0n_rdkit,LabuteASA_rdkit,MinPartialCharge_rdkit,MolLogP_rdkit,TPSA_rdkit,SlogP_VSA1_rdkit,SlogP_VSA2_rdkit,SMR_VSA1_rdkit,SMR_VSA2_rdkit,PEOE_VSA1_rdkit,PEOE_VSA2_rdkit,MolWt_rdkit
V,0.51867,-0.88186,-1.174593,0.191741,0.754245,-1.131706,-0.605752,-1.333935,-1.061551,-0.218263,-0.987173,-0.916816,-1.2863
Y,-1.417505,0.051405,0.183948,-5.619945,1.092946,-0.404891,-0.605752,-0.882268,-0.255344,-0.218263,-0.086892,-0.916816,0.010169
W,-2.036269,0.61053,0.739788,0.191986,1.991785,-0.56441,-0.605752,-0.893107,-1.061551,-0.218263,-0.108497,-0.916816,0.476543
T,0.51867,-1.155346,-1.253272,0.205426,-0.723387,-0.404891,-0.605752,-0.342379,-0.255344,-0.218263,-0.086892,-0.916816,-1.246379
S,-0.053414,-1.585891,-1.572098,0.203718,-1.17356,-0.404891,-0.605752,-0.297896,-0.255344,-0.218263,-0.086892,-0.916816,-1.530337
P,-1.984849,-1.145745,-1.214459,0.191346,0.486227,-1.634332,-0.70162,-0.755058,-1.061551,-0.218263,-1.060669,-0.916816,-1.327111
F,-1.52863,-0.131582,-0.0562,0.191985,1.434081,-1.131706,-0.605752,-1.333935,-1.061551,-0.218263,-0.987173,-0.916816,-0.313711
M,-0.204102,-0.760593,-0.667516,0.190241,0.866759,-1.131706,-0.605752,-0.271785,-1.061551,-0.218263,-0.987173,-0.916816,-0.637144
K,-0.30331,-0.472003,-0.588286,0.190162,0.143586,-0.196871,0.712807,-0.755058,-1.061551,-0.218263,0.023673,-0.916816,-0.698382
L,0.254283,-0.532025,-0.855767,0.190189,1.206272,-1.131706,-0.605752,-1.333935,-1.061551,-0.218263,-0.987173,-0.916816,-1.002341
I,0.671194,-0.532025,-0.855767,0.191768,1.206272,-1.131706,-0.605752,-1.333935,-1.061551,-0.218263,-0.987173,-0.916816,-1.002341
H,-1.695519,-0.519873,-0.435449,0.192135,-0.045521,-0.101303,-0.605752,-0.45228,-1.061551,-0.218263,-0.108497,-0.916816,-0.516856
G,-1.017767,-2.092785,-2.131073,0.146256,-0.433006,-1.131706,-0.605752,-1.289453,-1.061551,-0.218263,-0.987173,-0.916816,-2.138175
Q,0.232978,-0.722325,-0.698658,0.190195,-0.856991,0.416413,0.712807,-0.811451,-0.3046,-0.218263,0.023673,0.491064,-0.699272
E,0.232978,-0.786709,-0.72599,-0.048043,-0.162554,0.208392,-0.605752,-0.354289,0.501607,-0.218263,-0.086892,0.491064,-0.679352
C,-0.053414,-1.585891,-1.253478,0.194864,-0.087236,-1.131706,-0.605752,-0.825101,-1.061551,-0.218263,-0.987173,-0.916816,-1.205061
D,0.508463,-1.136544,-1.044817,-0.036768,-0.614581,0.208392,-0.605752,-0.354289,0.501607,-0.218263,-0.086892,0.491064,-0.963311
N,0.508463,-1.07216,-1.017484,0.19246,-1.309017,0.416413,0.712807,-0.811451,-0.3046,-0.218263,0.023673,0.491064,-0.983231
R,-0.114813,-0.079727,-0.075594,0.190163,-0.859575,1.09221,1.935497,-0.227942,-1.061551,4.528962,0.961023,0.67158,-0.131274
A,-0.220279,-1.66224,-1.812247,0.188539,0.017167,-1.131706,-0.605752,-1.333935,-1.061551,-0.218263,-0.987173,-0.916816,-1.854217
Propionyl#K,-0.146316,0.783652,0.587166,0.190162,0.801174,-0.086214,0.616938,-0.232575,-0.3046,-0.218263,-0.049823,0.491064,0.436562
Oxidation#M,0.232978,-0.558616,-0.504663,0.190242,-0.274026,-0.518422,-0.605752,0.100487,-0.39706,-0.218263,-0.987173,0.319096,-0.313265
Carbamidomethyl#C,0.03257,-0.520348,-0.19158,0.194888,-0.911452,0.416413,0.712807,0.206216,-0.3046,-0.218263,0.023673,0.491064,-0.050117
Methyl#C,-0.102658,-1.110428,-0.986343,0.194888,0.414733,-1.131706,-0.605752,-0.271785,-1.061551,-0.218263,-0.987173,-0.916816,-0.921103
Methyl#E,0.319094,-0.311246,-0.391169,0.190197,-0.060121,-0.186811,-0.605752,-0.177102,0.443245,-0.218263,-0.152064,0.491064,-0.395394
Methyl#N,0.595959,-0.615687,-0.68814,0.19246,-1.006932,-0.086214,0.616938,-0.188092,-0.3046,-0.218263,-0.049823,0.491064,-0.699272
Methyl#K,-0.386107,-0.015531,-0.258942,0.190162,0.445671,-0.699497,0.616938,-0.131699,-1.061551,-0.218263,-0.049823,-0.916816,-0.414423
Dimethyl#N,0.93789,-0.147062,-0.358796,0.19246,-0.61041,-0.402017,-0.605752,0.868659,-0.3046,-0.218263,-0.123319,0.491064,-0.415314
Dimethyl#K,-0.226993,0.453095,0.070403,0.190162,0.842194,-1.0153,-0.605752,0.925052,-1.061551,-0.218263,-0.123319,-0.916816,-0.130464
Dimethyl#R,0.195933,0.845371,0.583095,0.190163,-0.160967,0.27378,0.616938,1.452168,-1.061551,4.528962,0.814032,0.67158,0.436643
Dimethyl_symmetric#R,0.272338,0.845371,0.583095,0.190163,-0.498359,0.176776,1.839628,1.018776,-1.061551,-0.218263,0.887528,0.549167,0.436643
Crotonyl#K,0.049943,1.005095,0.87145,0.190162,0.993642,-0.086214,0.616938,-0.232575,-0.3046,-0.218263,-0.049823,0.491064,0.679709
Succinyl#K,0.095941,1.309348,1.354596,-0.04601,0.169426,1.253884,0.616938,0.747071,1.258558,-0.218263,0.850459,1.898945,1.327468
Acetyl#S,0.232978,-0.66108,-0.709996,0.210338,-0.512148,-0.186811,-0.605752,-0.221585,0.443245,-0.218263,-0.152064,0.491064,-0.679352
Acetyl#K,-0.224673,0.433817,0.26834,0.190162,0.349148,-0.086214,0.616938,-0.232575,-0.3046,-0.218263,-0.049823,0.491064,0.152603
Acetyl#C,0.232978,-0.66108,-0.459061,0.194922,0.318209,-0.518422,-0.605752,-0.37266,-0.3046,-0.218263,-0.987173,0.491064,-0.354077
Acetyl#T,1.06489,-0.230535,-0.391169,0.212093,-0.061975,-0.186811,-0.605752,-0.266067,0.443245,-0.218263,-0.152064,0.491064,-0.395394
Trimethyl#R,0.57572,1.313997,0.912439,0.190163,-0.101836,-0.139027,0.616938,2.075527,-1.061551,-0.218263,0.814032,0.549167,0.720601
Trimethyl#K,0.085635,0.947836,0.399747,0.190162,1.009748,-1.131706,-0.605752,1.511538,-0.35378,-0.218263,-0.196814,-0.916816,0.1739
Phospho#S,0.680618,-0.739427,-0.497275,0.203782,-1.037987,1.266818,-0.605752,0.116071,1.918489,-0.218263,0.738245,0.411549,0.088734
Phospho#T,1.484678,-0.308882,-0.178449,0.20549,-0.587814,1.266818,-0.605752,0.071588,1.918489,-0.218263,0.738245,0.411549,0.372693
Phospho#Y,-1.336616,0.897869,1.258771,0.191985,0.821684,1.266818,0.434564,-0.468301,1.918489,-0.218263,-0.189636,1.957012,1.629241
Phospho#D,1.284405,-0.29008,0.030006,0.192634,-1.13451,1.880102,-0.605752,0.059678,2.67544,-0.218263,-0.189636,3.364892,0.655761
Phospho#C,0.680618,-0.739427,-0.263276,0.194925,-0.20763,0.935207,-0.605752,0.040533,1.20429,-0.218263,0.738245,-0.916816,0.41401
Phospho#R,0.520027,0.747747,0.992227,0.190163,-1.179852,2.656496,1.786852,0.637692,1.20429,4.528962,1.675595,2.165426,1.487798
Formyl(N-T)#M,0.613343,-0.311246,-0.129717,0.267112,0.620294,-1.021049,-0.70162,0.295181,-0.3046,-0.218263,-1.060669,-0.916816,-0.070118
Formyl#K,-0.352091,-0.022656,-0.050487,0.190162,-0.102879,-0.086214,0.616938,-0.188092,-0.3046,-0.218263,-0.049823,0.491064,-0.131355
Citrullination#R,-0.114813,-0.12512,-0.101833,0.190163,-0.64494,0.848621,1.935497,-0.221613,-0.3046,-0.218263,0.961023,-0.916816,-0.111354
Deamidated#F,-1.52863,-0.195966,-0.083533,0.350149,1.473015,-1.339726,-1.92431,-0.876773,-0.255344,-0.218263,-1.097738,-2.324697,-0.293791
Deamidated#N,0.508463,-1.136544,-1.044817,-0.036768,-0.614581,0.208392,-0.605752,-0.354289,0.501607,-0.218263,-0.086892,0.491064,-0.963311
Deamidated#Q,0.232978,-0.786709,-0.72599,-0.048043,-0.162554,0.208392,-0.605752,-0.354289,0.501607,-0.218263,-0.086892,0.491064,-0.679352
Malonyl#K,0.120733,0.959513,1.03577,0.030209,-0.2826,1.253884,0.616938,0.747071,1.258558,-0.218263,0.850459,1.898945,1.043509
Nitro#Y,-0.818331,0.638346,0.917931,-4.395793,0.986573,1.145024,-0.605752,-0.446806,0.521937,-0.218263,-0.086892,2.053179,0.921075
Biotin#K,-3.71424,3.691232,3.989716,0.190162,1.167106,1.391487,3.062318,2.342845,0.45235,-0.218263,1.824878,0.491064,3.882791
Hydroxyproline#P,-1.909748,-0.988686,-0.974311,0.191606,-0.706354,-0.907518,-0.70162,0.236498,-0.255344,-0.218263,-0.160388,-0.916816,-1.003232
Methyl#R,-0.032952,0.376746,0.253751,0.190163,-0.55749,0.589584,1.839628,0.395417,-1.061551,4.528962,0.887528,0.67158,0.152684
Butyryl#K,-0.102757,1.133486,0.905993,0.190162,1.253201,-0.086214,0.616938,-0.232575,-0.3046,-0.218263,-0.049823,0.491064,0.720521
hydroxyisobutyryl#K,0.35361,1.397183,1.146141,0.190162,0.06062,0.640601,0.616938,0.714499,0.501607,-0.218263,0.850459,0.491064,1.0444
Gluratylation#K,0.063977,1.659183,1.673423,-0.048198,0.621453,1.253884,0.616938,0.747071,1.258558,-0.218263,0.850459,1.898945,1.611426
GlyGly#K,0.174311,1.621102,1.659927,0.190162,-1.904612,1.894113,3.158187,1.447663,0.45235,-0.218263,1.898374,1.898945,1.611507
Dioxidation#C,0.508463,-1.181937,-0.891699,0.195359,-0.907744,0.208392,-0.605752,-0.050143,0.321718,-0.218263,-0.184523,-0.916816,-0.557303
Sulfide#C,-0.102658,-1.383914,-0.776457,0.194968,0.663863,-1.131706,-0.605752,-0.825101,-1.061551,-0.218263,-0.987173,-0.916816,-0.555906
Carbamidomethyl#K,-0.307665,0.57455,0.535821,0.190162,-0.880513,0.848621,1.935497,0.346302,-0.3046,-0.218263,0.961023,0.491064,0.456563
Gly#K,-0.146316,0.57455,0.535821,0.190162,-0.880513,0.848621,1.935497,0.346302,-0.3046,-0.218263,0.961023,0.491064,0.456563
Acetyl(N-T)#A,0.508463,-0.75642,-0.955621,0.265412,0.222728,-1.021049,-0.70162,-0.811451,-0.3046,-0.218263,-1.060669,0.491064,-1.003232
Acetyl(N-T)#C,0.899328,-0.680071,-0.396852,0.271807,0.118325,-1.021049,-0.70162,-0.302617,-0.3046,-0.218263,-1.060669,-0.916816,-0.354077
Acetyl(N-T)#D,1.48742,-0.230723,-0.188191,-0.033867,-0.40902,0.319049,-0.70162,0.168194,1.258558,-0.218263,-0.160388,0.491064,-0.112326
Acetyl(N-T)#E,1.268113,0.119111,0.130636,-0.047994,0.043007,0.319049,-0.70162,0.168194,1.258558,-0.218263,-0.160388,0.491064,0.171632
Acetyl(N-T)#F,-1.362326,0.774239,0.800426,0.268896,1.639642,-1.021049,-0.70162,-0.811451,-0.3046,-0.218263,-1.060669,-0.916816,0.537274
Acetyl(N-T)#G,-0.367526,-1.186965,-1.274447,0.222671,-0.227444,-1.021049,-0.70162,-0.766969,-0.3046,-0.218263,-1.060669,0.491064,-1.28719
Acetyl(N-T)#H,-1.493307,0.385948,0.421177,0.269048,0.16004,0.009354,-0.70162,0.070204,-0.3046,-0.218263,-0.181993,-0.916816,0.334129
Acetyl(N-T)#I,1.658871,0.373795,0.000859,0.268677,1.411833,-1.021049,-0.70162,-0.811451,-0.3046,-0.218263,-1.060669,-0.916816,-0.151356
Acetyl(N-T)#K,0.849968,0.433817,0.26834,0.267052,0.349148,-0.086214,0.616938,-0.232575,-0.3046,-0.218263,-0.049823,-0.916816,0.152603
Acetyl(N-T)#L,1.309979,0.373795,0.000859,0.26708,1.411833,-1.021049,-0.70162,-0.811451,-0.3046,-0.218263,-1.060669,-0.916816,-0.151356
Acetyl(N-T)#M,0.961426,0.145227,0.18911,0.267132,1.072321,-1.021049,-0.70162,0.250699,-0.3046,-0.218263,-1.060669,-0.916816,0.213841
Acetyl(N-T)#N,1.48742,-0.166339,-0.160858,0.269377,-1.103456,0.52707,0.616938,-0.288968,0.45235,-0.218263,-0.049823,0.491064,-0.132246
Acetyl(N-T)#P,-1.400747,-0.227772,-0.357833,0.268166,0.786226,-1.336852,-1.92431,0.200817,-0.3046,-0.218263,-1.134165,-0.916816,-0.476126
Acetyl(N-T)#Q,1.268113,0.183495,0.157968,0.267086,-0.651429,0.52707,0.616938,-0.288968,0.45235,-0.218263,-0.049823,0.491064,0.151713
Acetyl(N-T)#R,1.063977,0.838246,0.781032,0.267054,-0.896967,1.292686,1.935497,0.294542,-0.3046,-0.218263,0.961023,0.549167,0.719711
Acetyl(N-T)#S,0.899328,-0.680071,-0.715473,0.280759,-0.967998,-0.294234,-0.70162,0.224587,0.501607,-0.218263,-0.160388,-0.916816,-0.679352
Acetyl(N-T)#T,1.4472,-0.249526,-0.396646,0.282485,-0.517826,-0.294234,-0.70162,0.180105,0.501607,-0.218263,-0.160388,-0.916816,-0.395394
Acetyl(N-T)#V,1.4472,0.02396,-0.317967,0.268649,0.959806,-1.021049,-0.70162,-0.811451,-0.3046,-0.218263,-1.060669,-0.916816,-0.435315
Acetyl(N-T)#Y,-1.280293,0.957225,1.040574,-5.619945,1.298508,-0.294234,-0.70162,-0.359784,0.501607,-0.218263,-0.160388,-0.916816,0.861154
Acetyl(N-T)#W,-2.168279,1.51635,1.596414,0.268897,2.197347,-0.453753,-0.70162,-0.370624,-0.3046,-0.218263,-0.181993,-0.916816,1.327528
Cysteinyl#C,0.189137,0.188523,0.844415,0.194968,-0.245405,1.143227,0.712807,1.197773,0.501607,-0.218263,0.923954,0.491064,1.206876
HexNAc#S,-1.152567,2.230061,2.407167,0.203745,-3.52813,2.757453,0.616938,4.422701,3.609712,-0.218263,4.32124,0.491064,2.583064
HexNAc#T,-0.93423,2.660606,2.725993,0.205453,-3.077958,2.757453,0.616938,4.378219,3.609712,-0.218263,4.32124,0.491064,2.867022
